series_description,counts,cleaned_series_names
4CH_FIESTA_BH,8653,4CH
SAX_FIESTA_BH,6503,SAX
2CH_FIESTA_BH,4573,2CH
3-pl_Loc_Fiesta,4149,
3CH_FIESTA_BH,4114,3CH
AX_MFIESTA_BH,3914,
3PL_SSFSE_LOC,3763,
LOC_LAX_FIESTA_BH,3642,
LOC_SAX_FIESTA_BH,3138,
CINE_IR,2729,
LV2CH_FIESTA_BH,2451,2CH
LV3CH_FIESTA_BH,2338,3CH
RV3CH_FIESTA_BH,2064,
LOC_FIESTA_BH,1994,
SAG_MFAST_CG_PRE_BH,1864,
RVOT_FIESTA_BH,1785,
SAX_T2_DIRFSE_BH,1773,
RV2CH_FIESTA_BH,1514,
Timing_IDRIVE,1513,
SAX_IrP-FGRE_TI=240,1408,
AX_T1_DIRFSE_BH,1379,
LOC_Ao_FIESTA_BH,1321,
SAX_IrP-FGRE_TI=220,1276,
3PL_SSFSE_LOC_NBH,1244,
LOC_PA_FIESTA_BH,1235,
SAX_IrP-FGRE_TI=200,1234,
AX_FIESTA_BH,1098,
3-pl_Loc_Fiesta_BH,1072,
SAG_MFAST_CG_POST_1_BH,1064,
SAG_MFAST_CG_POST_2_BH,1051,
AXIAL_FIESTA_BH,1044,
SAX_FIESTA-SPR,966,
3PL_LOC_FIESTA_BH,949,
3PL_SSFSE_NBH,925,
4CH_CINE_IR,872,
AX_MFIESTA_BH_UPPER,864,
AX_FS_TIRFSE_BH,853,
AX_MFIESTA_BH_LOWER,850,
Avg:_AX_4D_FLOWq,845,
3-pl_Loc_FIESTA_BH,823,
PA_FastPC_V=250_BH,812,
VLAX_(LV3CH)_FIESTA_BH,784,3CH
3PL_FIESTA_LOC_BH,783,
SAX_IrP-FGRE_TI=260,759,
LOC_FIESTA-SPR,754,
Ao_FastPC_V=250_BH,743,
SAX_FIESTA_BH_Asset,743,SAX
SAX_IrP-FGRE_TI=180,735,
Ao_FastPC_V=150_BH,702,
SAX_T1_DIRFSE_BH,690,
AX_4D_FLOWq,670,
SAX_TEST_FIESTA_BH,653,
Loc,530,
SAX_FIESTA,479,SAX
LOC_LAX_FIESTA_asset_BH,477,
SAG_MFAST_CG_POST_BH,477,
4_Chamber,475,4CH
Avg:_AX_4DF_v250_vdrq,466,
AX_M2D_BH,455,
2CH_LOC_FIESTA_BH,449,
SAG_MFAST_PRE_BH,449,
2_Chamber,445,2CH
Short_Ax_Mid,438,
Ax_FIESTA_BH,436,
3_Chamber,434,3CH
COR_MFAST_sts_RT_CG,422,
Short_Ax_Base,418,
Short_Ax_Apex,416,
SAG_MFAST_CG_HR<75_PRE_BH,413,
3-pl_Loc_FIESTA_NBH,407,
MR_Echo,406,
AX_4DF_v250_vdrq,404,
4CH_CineIR,400,
Option_1,384,
VLAX_FIESTA,363,3CH
4_CH_CineIR,361,
TVsup_FastPC_V=250_BH,361,
3PL_SSFSE_BH,339,
4CH_FIESTA,313,
AO_LOC_FIESTA_BH,313,
CARDIAC_4CH_GATED_8_ECHO_BH,308,
CARDIAC_SAX_GATED_8_ECHO_BH,300,
CARDIAC_SAX_GATED_16_ECHO_BH,299,
SAX_FIESTA_ASSET_BH,298,SAX
Low_Res_Pre:_AX_4D_FLOWq,297,
3-pl_Loc_SSFSE_BH,296,
CINE_IR_1RR,296,
SAG_MFAST_CG_<_80bpm_PRE_BH,295,
SAX_IrP-FGRE_TI=280,289,
CARDIAC_SAX_GATED_12_ECHO_BH,287,
PA_FastPC_V=150_BH,285,
PA_LOC_FIESTA_BH,268,
PA_PC_v=250_BH,266,
Ao_PC_v=150_BH,254,
I-DRIVE_TIMING_at_PA,252,
AX_FIESTA_NBH,251,
AX_MDIXON,247,
PAsub_FastPC_V=250_BH,247,
SAG_MFAST_POST_BH,244,
SAX_FIESTA_BH_TEST,244,
P4CH_FIESTA_NBH,243,
SAX_Tags_Grid_T2_FGRE_BH,237,
4CH_FIESTA_BH_#2,222,
3D_Heart,221,
CARDIAC_2CH_LOC_FIESTA_BH,221,
AO_FastCard_PC_150cm/s_BH,219,
AX_4DF_v250_RC,218,
SAX_LOC_FIESTA_BH,214,
SAX_DIRFSE_BH,210,
PAsup_FastPC_V=250_BH,209,
AX_DIRFSE_BH,206,
Calibration_Scan_NBH,203,
4CH_MOLLI_ARC_POST_BH,202,
PA_FastCard_PC_150cm/s_BH,202,
4CH_FIESTA_NBH,200,
AX_MFIESTA_BH_lower,199,
FAT:_AX_LIVER_ME,199,
WATER:_AX_LIVER_ME,199,
AX_MFIESTA_BH_upper,196,
R2*:_AX_LIVER_ME,194,
2CH_LOC_LAX_FIESTA_BH,193,
LVLAX_Tags_Grid_T2_FGRE_BH,192,
3-PL_Loc_FIESTA_NBH,186,
CINE_IR_2RR,185,
3P_Loc_FIESTA,184,
4CH_STACK_FIESTA_BH,184,
SAX_ME_T2*_TE_8,184,
FatFrac:_AX_LIVER_ME,182,
RVLAX_Tags_Grid_T2_FGRE_BH,179,
Funct_4_Chamber,167,
op_LPA_FastPC_V=250_BH,165,
SAX_ME_T2*_TE_16,165,
4_CH_MFGRE_8ec_BH,164,
SAX_ME_T2*_TE_12,163,
4D_FLOW_V250,161,
Ax_T1g_chest_post_fast,161,
LOC_AO_FIESTA_BH,161,
LPA_FastPC_V=250_BH,161,
CINE_kt_1RR_FB_PF,159,
Short_AX_MFGRE_8ec_BH,156,
4CH_FIESTA_BH_REPEAT,155,
AX_4D_FLOW_LoRes,154,
2CH_LOC_FIESTA-SPR,151,
op_RPA_FastPC_V=250_BH,151,
Short_AX_MFGRE_12ec_BH,151,
Avg:_AX_4DF_v350_vdrq,150,
Ax_T1g_chest_post_fast:_OR,149,
SAX_IrP-FGRE_TI=300,149,
4CH_MOLLI_ARC_PRE_BH,147,
AX_FIESTA-SPR,145,
VLAX_FIESTA_BH,145,
4CH_T1Map_ARC_PRE_BH,144,
Short_AX_MFGRE_16ec_BH,144,
SAG_MFAST_CG_>_80bpm_PRE_BH,143,
3-pl_Loc_Fiesta_NBH,139,
PA_FastPC_V=350_BH,139,
SAX_FS_TIRFSE_BH,139,
4CH_CINE_BH,138,
FAT:_Ax_LIVER_ME_3ETL,138,
FatFrac:_Ax_LIVER_ME_3ETL,138,
InPhase:_Ax_LIVER_ME_3ETL,138,
OutPhase:_Ax_LIVER_ME_3ETL,138,
R2*:_Ax_LIVER_ME_3ETL,138,
WATER:_Ax_LIVER_ME_3ETL,138,
Rosette:Multi-echo,137,
RPA_FastPC_V=250_BH,136,
Calibration_Scan_BH,135,
Funct_2_Chamber,135,
SAX_IrP-FGRE_TI=250,135,
Funct_3_Chamber,134,
AX_FIESTA,132,
SAG_MFAST_POST_1_BH,132,
LOC_2CH_BH,130,
3pl_loc_ZOOM_for_echo,129,
3Plane_Loc_FIESTA_BH,129,
3Plane_Loc_SSFSE_BH,129,
CINE_kt_1RR_FB_PF:pics,129,
SAG_MFAST_POST_2_BH,129,
3Plane_Loc_SSFSE_NBH,128,
CINE_kt_1RR_FB_PF:dl,128,
MOLLI_4CH_MOLLI_ARC_POST_BH,128,
AXIAL_FIESTA-SPR,126,
CINE_kt_1RR_PF,126,
RV_3CH_FIESTA_BH,123,
SAG_MFAST_CG_2ND_PASS,122,
SAX_FIESTA_NBH,122,
Ao_PC_v=250_BH,120,
ASSET_Calibration_BH,120,
Funct_Short_Axis,120,
SAG_MFAST_CG_1ST_PASS,119,
LOC_LAX_CINE_BH,118,
4CH_ME_T2*_TE_16,117,
SAX_DELAY_TI=260_BH,117,
TC_Short_Axis,115,
CARDIAC_4CH_GATED_16_ECHO_BH,114,
SAX_CINE_BH,114,
LV3CH_CINE_BH,113,
4D_FLOW,111,
LV3CH_FIESTA,111,
4CH_CineIR_BH,110,
AX_4DF_v350_vdrq,110,
4CH_FIESTA_CINE,109,
RV_2CH_FIESTA_BH,108,
SAX_IrP-FGRE_TI=230,108,
Ax_T1g_chest_post,107,
P4CH_FIESTA_BH,107,
SAX_IrP-FGRE_TI=270,107,
SAX_DELAY_TI=280_BH,106,
AX_4D_FLOWc:_AVG,105,
Cor_MRA_sts_CG_RT,105,
Low_Res_Pre:_AX_4DF_v250_vdrq,105,
LV2CH_CINE_BH,104,
SAX_IrP-FGRE_TI=150,104,
AX_FIESTA_CINE_BH,101,
AX_GATED_SURVEY_BH,99,
CINE_kt_1RR_PF:pics,98,
FAT:_Ax_LIVER_ME_6ETL,98,
FatFrac:_Ax_LIVER_ME_6ETL,98,
InPhase:_Ax_LIVER_ME_6ETL,98,
OutPhase:_Ax_LIVER_ME_6ETL,98,
R2*:_Ax_LIVER_ME_6ETL,98,
WATER:_Ax_LIVER_ME_6ETL,98,
SURVEY_BH,97,
Ao_FastPC_V=350_BH,96,
CINE_kt_1RR_PF:dl,96,
AX_Loc,95,
WATER:_Ax_LAVA-Flex_Pre_BH,95,
3-plane_SSFSE_BH,94,
FAT:_Ax_LAVA-Flex_Pre_BH,94,
InPhase:_Ax_LAVA-Flex_Pre_BH,94,
loc_SAX_FIESTA_BH,94,
MOLLI_4CH_MOLLI_ARC_PRE_BH,94,
OutPhase:_Ax_LAVA-Flex_Pre_BH,94,
SAX_FIESTA_CINE,94,
SMART1Map_4CH_T1Map_ARC_PRE_BH,94,
4CH_FastCINE_FSPGR,92,
OCor_Caval_FIESTA_BH,92,
PAsub_FastPC_V=150_BH,91,
Outlet_FIESTA_BH,89,
SAX_T2_MAP,88,
Ax_FIESTA_non_gated,87,
Low_Res_Pre:_AX_4DF_v250_RC,87,
SAG_MFAST_CG_HR>75_PRE_BH,87,
8_min_IR_TFE_LL_BH,86,
2CH_FIESTA_BH_#2,85,
LOC_LAX_FIESTA_NBH,85,
R2*:_AX_LIVER_2_BH_minTE0.7_12echo_fl5_8mm,84,
R2*:_AX_LIVER_3_BH_minTE1.2_6echo_fl12_10mm,84,
3CH_FIESTA_BH_#2,83,
4CH_Cine_IR,83,
AX_LIVER_2_BH_minTE0.7_12echo_fl5_8mm,83,
FAT:_AX_LIVER_2_BH_minTE0.7_12echo_fl5_8mm,83,
FAT:_AX_LIVER_3_BH_minTE1.2_6echo_fl12_10mm,83,
SAX_T1-map_PRE_BH,83,
WATER:_AX_LIVER_2_BH_minTE0.7_12echo_fl5_8mm,83,
WATER:_AX_LIVER_3_BH_minTE1.2_6echo_fl12_10mm,83,
AX_LIVER_3_BH_minTE1.2_6echo_fl12_10mm,82,
FatFrac:_AX_LIVER_2_BH_minTE0.7_12echo_fl5_8mm,82,
FatFrac:_AX_LIVER_3_BH_minTE1.2_6echo_fl12_10mm,82,
R2*:_AX_LIVER_1_BH_minTE0.7_12echo_fl12_8mm,82,
R2*:_AX_LIVER_4_BH_minTE1.2_6echo_fl12_8mm,82,
R2*:_Cor_LIVER_9_BH_minTE1.2_6echo_fl5_5mm,82,
SAG_MFAST_BH_POST,82,
SAX_DELAY_TI=240_BH,82,
SAX_DELAY_TI=300_BH,82,
2CH_FIESTA,81,
AX_4DF_v250_fs,81,
AX_LIVER_1_BH_minTE0.7_12echo_fl12_8mm,81,
Ax_T1_LIVER_TE_9,81,
FAT:_AX_LIVER_1_BH_minTE0.7_12echo_fl12_8mm,81,
FAT:_AX_LIVER_4_BH_minTE1.2_6echo_fl12_8mm,81,
FAT:_Cor_LIVER_9_BH_minTE1.2_6echo_fl5_5mm,81,
R2*:_AX_LIVER_5_BH_minTE1.2_6echo_fl5_10mm,81,
R2*:_AX_LIVER_6_BH_minTE1.2_12echo_fl5_8mm,81,
WATER:_AX_LIVER_1_BH_minTE0.7_12echo_fl12_8mm,81,
WATER:_AX_LIVER_4_BH_minTE1.2_6echo_fl12_8mm,81,
2CH_LOC_FIESTA_CINE,80,
AX_FIESTA-CINE_BH,80,
AX_LIVER_4_BH_minTE1.2_6echo_fl12_8mm,80,
FAT:_AX_LIVER_5_BH_minTE1.2_6echo_fl5_10mm,80,
FAT:_AX_LIVER_6_BH_minTE1.2_12echo_fl5_8mm,80,
FatFrac:_AX_LIVER_1_BH_minTE0.7_12echo_fl12_8mm,80,
FatFrac:_AX_LIVER_4_BH_minTE1.2_6echo_fl12_8mm,80,
HLA_(4CH)_Tags_Grid_T2_FGRE_BH,80,
R2*:_AX_LIVER_7_BH_minTE1.2_6echo_fl5_6mm,80,
R2*:_AX_LIVER_8_BH_minTE1.2_6echo_fl5_8mm,80,
SAX_SCOUT_BH,80,
VLA_(2CH)_Tags_Grid_T2_FGRE_BH,80,
WATER:_AX_LIVER_5_BH_minTE1.2_6echo_fl5_10mm,80,
WATER:_AX_LIVER_6_BH_minTE1.2_12echo_fl5_8mm,80,
AX_LIVER_5_BH_minTE1.2_6echo_fl5_10mm,79,
AX_LIVER_6_BH_minTE1.2_12echo_fl5_8mm,79,
Ax_T1_LIVER_TE_12,79,
Ax_T1_LIVER_TE_6,79,
Cor_LIVER_9_BH_minTE1.2_6echo_fl5_5mm,79,
FAT:_AX_LIVER_7_BH_minTE1.2_6echo_fl5_6mm,79,
FAT:_AX_LIVER_8_BH_minTE1.2_6echo_fl5_8mm,79,
FatFrac:_AX_LIVER_5_BH_minTE1.2_6echo_fl5_10mm,79,
FatFrac:_AX_LIVER_6_BH_minTE1.2_12echo_fl5_8mm,79,
WATER:_AX_LIVER_7_BH_minTE1.2_6echo_fl5_6mm,79,
WATER:_Cor_LIVER_9_BH_minTE1.2_6echo_fl5_5mm,79,
AX_LIVER_7_BH_minTE1.2_6echo_fl5_6mm,78,
AX_LIVER_8_BH_minTE1.2_6echo_fl5_8mm,78,
FAT:_Sag_LIVER_10_BH_minTE1.2_6echo_fl5_5mm,78,
FatFrac:_Cor_LIVER_9_BH_minTE1.2_6echo_fl5_5mm,78,
OUTLET_FIESTA_BH,78,
PA_PC_v=150_BH,78,
R2*:_Sag_LIVER_10_BH_minTE1.2_6echo_fl5_5mm,78,
SAX_SSHMDE_FIESTA_TI=180,78,
WATER:_AX_LIVER_8_BH_minTE1.2_6echo_fl5_8mm,78,
vLA_(2CH)_Tags_Grid_T2_FGRE_BH,77,
FatFrac:_AX_LIVER_8_BH_minTE1.2_6echo_fl5_8mm,77,
InPhase:_AX_LIVER_2_BH_minTE0.7_12echo_fl5_8mm,77,
OutPhase:_AX_LIVER_2_BH_minTE0.7_12echo_fl5_8mm,77,
REAL_TIME,77,
Sag_LIVER_10_BH_minTE1.2_6echo_fl5_5mm,77,
SAX_MID_TI_SCOUT_CINE_IR,77,
3CH_FIESTA,76,
Ax_T1_LIVER_TE_15,76,
FAT:_AX_LIVER_ME_6ETL,76,
FatFrac:_AX_LIVER_ME_6ETL,76,
InPhase:_AX_LIVER_3_BH_minTE1.2_6echo_fl12_10mm,76,
LOC_P4CH_FIESTA_BH,76,
OutPhase:_AX_LIVER_3_BH_minTE1.2_6echo_fl12_10mm,76,
R2*:_AX_LIVER_ME_6ETL,76,
SAX_FastCINE_FSPGR,76,
WATER:_AX_LIVER_ME_6ETL,76,
WATER:_Sag_LIVER_10_BH_minTE1.2_6echo_fl5_5mm,76,
2CH_FastCINE_FSPGR,75,
4CH_FIESTA-SPR,75,
Avg:_AX_4DF_v250_vdrq_fast,75,
Ax_T1_LIVER_TE_18,75,
FatFrac:_Sag_LIVER_10_BH_minTE1.2_6echo_fl5_5mm,75,
FIESTA_non_gated_Sag,75,
InPhase:_AX_LIVER_1_BH_minTE0.7_12echo_fl12_8mm,75,
LOC_Ao_FIESTA_NBH,75,
OutPhase:_AX_LIVER_1_BH_minTE0.7_12echo_fl12_8mm,75,
SAX__Tags_Grid_T2_FGRE_BH,75,
SAX_Cine,75,
InPhase:_AX_LIVER_4_BH_minTE1.2_6echo_fl12_8mm,74,
InPhase:_Cor_LIVER_9_BH_minTE1.2_6echo_fl5_5mm,74,
LV3CH_FIESTA_NBH,74,
OutPhase:_AX_LIVER_4_BH_minTE1.2_6echo_fl12_8mm,74,
OutPhase:_Cor_LIVER_9_BH_minTE1.2_6echo_fl5_5mm,74,
(12MIN)_4CH_T1Map_ARC_+C_BH,73,
2CH_FastCINE_FSPGR_SCOUT,73,
2CH_FIESTA_CINE,73,2CH
InPhase:_AX_LIVER_5_BH_minTE1.2_6echo_fl5_10mm,73,
InPhase:_AX_LIVER_6_BH_minTE1.2_12echo_fl5_8mm,73,
InPhase:_AX_LIVER_7_BH_minTE1.2_6echo_fl5_6mm,73,
InPhase:_AX_LIVER_8_BH_minTE1.2_6echo_fl5_8mm,73,
OutPhase:_AX_LIVER_5_BH_minTE1.2_6echo_fl5_10mm,73,
OutPhase:_AX_LIVER_6_BH_minTE1.2_12echo_fl5_8mm,73,
OutPhase:_AX_LIVER_7_BH_minTE1.2_6echo_fl5_6mm,73,
OutPhase:_AX_LIVER_8_BH_minTE1.2_6echo_fl5_8mm,73,
SAG_MFAST_CG_Post_1_BH,73,
AO_FastCard_PC_150cm/s_BH:_Eddy_current_corrected,72,
InPhase:_Sag_LIVER_10_BH_minTE1.2_6echo_fl5_5mm,72,
OutPhase:_Sag_LIVER_10_BH_minTE1.2_6echo_fl5_5mm,72,
SAG_MFAST_BH,72,
LV2CH_FIESTA,71,
SAG_MFAST_CG_Post_2_BH,71,
(30MIN)_4CH_T1Map_ARC_+C_BH,70,
4ch_ME_T2*_TE_16,70,
LV2CH_FIESTA_NBH,70,
SAX-mid_T1Map_ARC_PRE_BH,70,
3CH_FastCINE_FSPGR,69,
3CH_STACK_FIESTA_BH,69,
AX_FIESTA_ASSET_BH,69,
AXIAL_FIESTA,69,
SAX_T1-map_POST_BH,69,
AX_MFIESTA_LOWER_BH,68,
SAX-mid_MOLLI_ARC_PRE_BH,68,
AX_MFIESTA_UPPER_BH,67,
AX_T1-DIR_ASSET_BH,67,
AX_4DF_v250_vdrq_fast,66,
SAX_MDE_2RR_Broadband,66,
Avg:_AX_4D_FLOWq_250V,65,
AX_4DF_v350_RC,64,
LPA_PC_v=250_BH,64,
SAG_MFAST_CG_HR<75_POST_#1_BH,64,
SAG_MFAST_CG_HR<75_POST_#2_BH,64,
AX_LAVA_PRE,63,
ME_Short_Axis,63,
MSLAB-Nav,63,
SAG_Caval_FIESTA_BH,63,
SAX-mid_MOLLI_ARC_POST_BH,63,
TVsup_FastPC_V=350_BH,63,
SAG_MFAST_CG_2ND_PASS_BH,61,
SAX_FIESTA_BH_Asset_TEST,61,
SAX_MTAG_slice-tag_BH,61,
3CH_FIESTA-SPR,60,
AX_4D_FLOWq_FAST,60,
FiestaCINE_kt_1RR_FB,60,
PA_FastPC_V=300_BH,60,
SAG_MFAST_CG_Post_BH,60,
SAX-mid_T1Map_ARC_POST_BH,60,
2CH_FIESTA-SPR,59,
4CH_T1Map_ARC_POST_BH,59,
MSLAB_Multiphase_Navigator_3D_Fiesta,59,
PA_FastCard_PC_150cm/s_BH:_Eddy_current_corrected,59,
REAL-TIME_SPIRAL_BREATHHOLD,59,
SAG_CG_MFAST_PRE_BH,59,
SAX_T2MAP_FSE_BH,59,
4CH_MTAG_grid-tag_BH,58,
RV3CH_FIESTA,58,
SAG_MFAST_BH_PRE,58,
SAG_MFAST_CG_1ST_PASS_BH,58,
AX_4D_FLOW_HR,57,
Ax_Loc,57,
FiestaCINE_kt_1RR,57,
PA_LOC_FIESTA,57,
RPA_PC_v=250_BH,57,
3-pl_Loc_FIESTA,56,
Ax_T1g,56,
FAT:_Ax_LAVA-Flex_BH,56,
InPhase:_Ax_LAVA-Flex_BH,56,
OutPhase:_Ax_LAVA-Flex_BH,56,
RVSAX_FIESTA_BH,56,
VLAX_Cine,56,
WATER:_Ax_LAVA-Flex_BH,56,
3P_Loc,55,
Avg:_AX_4D_FLOWq_V=250,55,
HLAX_FIESTA_BH,55,
LOC_RPA_FIESTA_BH,55,
Option_2,55,
Avg:_AX_4D_FLOWq_FAST,54,
LOC_SAX_FIESTA_CINE,54,
NOT_DIAGNOSTIC:_AX_T1_resp_post,54,
P4CH_FIESTA,54,
SAX_FIESTA_BH_REPEAT,54,
2CH_FIESTA_BH_REPEAT,53,
PAsub_FastPC_V=350_BH,53,
SAX_FIESTA_TEST_BH,53,
3CH_FIESTA_CINE,52,
PA_FastCard_PC_200cm/s_BH,52,
TR_FastPC_V=250_BH,52,
4CH_Cine_IR_BH,51,
AX_4D_FLOWq_V=250,51,
LAX_LOC_BH,51,
SAX_SSHMDE_FIESTA_TI=150,51,
Loc_LAX_Fiesta_BH,50,
PAsup_FastPC_V=350_BH,50,
RVOT_FIESTA,50,
SAX_MTAG_grid-tag_BH,50,
3-plane_SSFSE,49,
3PL_LOC_SSFSE_NBH,49,
3Plane_Loc_FIESTA,49,
AX_4D_FLOW,49,
AX_4D_FLOW_V250,49,
Ax_T1g:_OR,49,
SAG_MFAST_CG_<80bpm_PRE_BH,49,
SAX_IrP-FGRE_TI=320,49,
AX_5D_FLOW,48,
MOLLI_SAX-mid_MOLLI_ARC_PRE_BH,48,
AX_Calibration_BH,47,
AX_LAVA_POST,47,
FiestaCINE_kt_1RR_FB:_dl,47,
FiestaCINE_kt_1RR_FB:_pics,47,
SMART1Map_SAX-mid_T1Map_ARC_PRE_BH,47,
3-pl_Loc_SSFSE_NBH,46,
4CH_FIESTA_bh,46,4CH
4CH_FIESTA_BH_Asset,46,4CH
AX_4D_FLOWq_250V,46,
COR_SPGR_nonbreathhold,46,
SAX_IrP-FGRE_TI=210,46,
AO_FastCard_PC_200cm/s_BH,45,
SAG_MFAST_CG_<_80bpm_POST1,45,
SAX_FIESTA_BH_No_Asset,45,
3CH_FIESTA_BH_Asset,44,
Ax_T2*_BH,44,
LOC_LPA_FIESTA_BH,44,
RV2CH_FIESTA,44,
SAX_CineIR_BH,44,
TC_SAX_PRE,44,
3CH_FIESTA_BH_REPEAT,43,
FAT:_Ax_Liver_ME_6ETL,43,
FatFrac:_Ax_Liver_ME_6ETL,43,
IVC_HORN_FastPC_V=100_BH,43,
MV_FastPC_V=250_BH,43,
R2*:_Ax_Liver_ME_6ETL,43,
SAG_MFAST_CG_POST_#1_BH,43,
SVC_HORN_FastPC_V=100_BH,43,
WATER:_Ax_Liver_ME_6ETL,43,
Ao_FastPC_V=300_BH,42,
Asset_cal_BH,42,
AX_DIR_BH,42,
FAT:_Ax_LAVA-FLEX_BH_POST,42,
LAX_Loc_FIESTA_BH,42,
Loc_NBH,42,
MOLLI_SAX-mid_MOLLI_ARC_POST_BH,42,
PA_FastCard_PC_250cm/s_BH,42,
SMART1Map_(12MIN)_4CH_T1Map_ARC_+C_BH,42,
SMART1Map_SAX-mid_T1Map_ARC_POST_BH,42,
TV_FastPC_V=250_BH,42,
WATER:_Ax_LAVA-FLEX_BH_POST,42,
2CH_FIESTA_BH_Asset,41,2CH
2ch_LOC_FIESTA_BH,41,
AX_MFIESTA_BH_Lower,41,
AX_MFIESTA_BH_Upper,41,
RV3CH_FIESTA_NBH,41,
AX_T2_DIRFSE_BH,40,
InPhase:_Ax_LAVA-FLEX_BH_POST,40,
MPA_PC_250,40,
OutPhase:_Ax_LAVA-FLEX_BH_POST,40,
SAX_FIESTA_TEST,40,
SMART1Map_(30MIN)_4CH_T1Map_ARC_+C_BH,40,
3CH_MTAG_grid-tag_BH,39,
4CH_FIESTA_BH_#3,39,
Ao_LOC_FIESTA_BH,39,
AoSub_FastPC_V=250_BH,39,
Cine_IR,39,
COR_MFIESTA_BH,39,
Low_Res_Pre:_AX_4DF_v350_vdrq,39,
PA_PC_v=350_BH,39,
SAX_DELAY_TI=220_BH,39,
SAX_DELAY_TI=320_BH,39,
3-PL_LOC_FIESTA_BH,38,
Ao_FastPC_V=150_BH:_Eddy_current_corrected,38,
Ax_2D_(ge_m2d)_FIESTA_ASSET,38,
AX_4D_FLOW_vdr_HiRes,38,
LAX_LOC_FIESTA_BH,38,
RV3CH_FIESTA_BH_#2,38,
SAG_CG_MFAST_POST_1_BH,38,
SAG_CG_MFAST_POST_2_BH,38,
SAX_MTAG,38,
SMART1Map_4CH_T1Map_ARC_POST_BH,38,
4CH_FIESTA_BH_STACK,37,
mslabv2_FIESTA,37,
oAX_Coronary_T2_prep_MSLAB_NAV,37,
RV3CH_FIESTA_BH_REPEAT,37,
SAG_MFAST_CG_<_80bpm_POST2,37,
SAG_MFAST_CG_HR<75_POST_2_BH,37,
SAX_FIESTA_BH_#2,37,
SAX_T1_DIRFSE_ASSET_BH,37,
3D_HEART_CAI_Multislab,36,
4CH_DE_TI_300_BH,36,
4DFlow_ktarc,36,
FiestaCINE_kt_1RR:_dl,36,
FiestaCINE_kt_1RR:_pics,36,
RPA_LOC_FIESTA_BH,36,
RVOT_FIESTA_NBH,36,
SAX_FIESTA_ASSET_BH_TEST,36,
TV_PC_v=150_BH,36,
2CH_FIESTA_bh,35,2CH
4CH_stack_FIESTA_BH,35,
4CH_T1_DIRFSE_BH,35,
Ao_FastPC_V=450_BH,35,
AO_LOC_FIESTA-SPR,35,
AR_FastPC_V=350_BH,35,
AX_3D_HEART_CAI_Multislab,35,
AX_T1_DIRFSE_ASSET_BH,35,
Double_IR_T1,35,
FiestaCINE_kt_1RR_PF:pics,35,
LAX_loc_FIESTA_BH,35,
LMCA_MDIXON,35,
LV3CH_STACK_FIESTA_BH,35,
SAG_FS_MFAST_CG_BH_PRE,35,
SAG_MFAST_CG_>80bpm_PRE_BH,35,
SAG_MFAST_CG_HR<75_POST_1_BH,35,
SAG_MFAST_CG_POST_#2_BH,35,
SAX_T2_DIRFSE,35,
*SAX_FIESTA_BH,34,SAX
AX_MSLAB_NAV,34,
FAT:_Ax_LAVA-FLEX_BH_PRE,34,
FiestaCINE_kt_1RR_PF:dl,34,
LV2CH_FIESTA_BH_REPEAT,34,
SAX_IrP-FGRE_TI=290,34,
TR_PC_v=250_BH,34,
WATER:_Ax_LAVA-FLEX_BH_PRE,34,
3-plane_NBH_SSFSE,33,
3D_MDE,33,
AO_FIESTA_BH,33,
CineIR,33,
Coronary_MSLAB_NAV,33,
InPhase:_Ax_LAVA-FLEX_BH_PRE,33,
Low_Res_Pre:_AX_4D_FLOW_V250,33,
Low_Res_Pre:_AX_4DF_v350_RC,33,
MAG:SAX_SS_PSMDE,33,
OutPhase:_Ax_LAVA-FLEX_BH_PRE,33,
PS:SAX_SS_PSMDE,33,
SAX_DE_TI_270_BH,33,
SAX_T2Map_FSE_BB,33,
*4CH_FIESTA_BH,32,4CH
4D_FLOW_V350,32,
Ao_PC_v=350_BH,32,
AX_4D_FLOWq_250,32,
Ax_Fiesta_Loc__BH,32,
FiestaCINE_kt_1RR_PF,32,
HLA_(4CH)_SSFP_BH,32,
PA_FastPC_V=150_BH:_Eddy_current_corrected,32,
SAX_Cine_IR_2RR,32,
SAX_TEST_FIESTA_BH_Asset,32,
3Plane_Loc_FIESTA_NBH,31,
Ao_FastPC_V=400_BH,31,
Calibration_scan,31,
LOC_FIESTA_NBH,31,
SAG_MFAST_CG_BH,31,
SAG_T1,31,
SVC_FastPC_V=100_BH,31,
4CH_Cine,30,
4CH_Tags_Grid_T2_FGRE_BH,30,
4D_FLOW_V150,30,
AoSUB_FastPC_V=250_BH,30,
Avg:_AX_4D_FLOWq_v=250,30,
AX_4D_FLOWq_v=250,30,
AX_T1+sat_BOTTOM_UP,30,
COR_MFAST_sts_CG,30,
CSE_Ax_T2*_BH,30,
FAT:_CSE_Ax_T2*_BH,30,
FatFrac:_CSE_Ax_T2*_BH,30,
LPA_LOC_FIESTA_BH,30,
R2*:_CSE_Ax_T2*_BH,30,
SAG_MFAST_CG_HR<75_Post_#1_BH,30,
SAG_MFAST_CG_HR<75_Post_#2_BH,30,
SAX_CINE_IR,30,
TC_Short_Axis_PRE,30,
TR_Sup_PC_v=250_BH,30,
WATER:_CSE_Ax_T2*_BH,30,
3Plane_Loc_SSFSE,29,
AO_LOC_FIESTA,29,
LOC_VLAX_FIESTA_BH,29,
Low_Res_Pre:_4D_FLOW_V250,29,
PAsup_FastPC_V=150_BH,29,
SAG_MFAST_CG_Post_#1_BH,29,
SAX_DELAY_TI=200_BH,29,
,1043,
*BOLUSTRAK,119,
1.SAX_CINE__WHOLE_HEART,30,
10_min_IR_TFE_LL_1BEAT_27_phases,138,
10_min_IR_TFE_LL_1BEAT_APRIL_2017,218,
10_min_IR_TFE_LL_1BEAT_JAN_2017,28,
150_VENC_AXIAL_BIFURCATION__sQFLOW_BH,93,
2_CH_FIESTA_CINE_LOC,38,
2_Chamber,87,2CH
2_min_IR_TFE_LL_1BEAT,98,
2_min_IR_TFE_LL_1BEAT_APRIL_2017,212,
20_MIN_LIVER_MID_SLICE_T1_MOLLI_MAP,56,
20_MIN_MID_SA_SLICE_T1_MOLLI_MAP,56,
2C_LGE_1_MID_SLICE,81,
2CH_LOC,117,
2D_BOLUSTRAK,222,
3_Chamber,36,3CH
3_p_loc,66,
3_PLANE_BH,75,
3_PLANE_FB,70,
3_PLANE_LOC,672,
3_PLANE_LOC_BH,400,
3_PLANE_LOC_FB,63,
3_PLANE_LOC_NBH,36,
3-pl_Loc_Fiesta,45,
3.T2Map_FSE_BB_copy_from_premoli,35,
3CH_CINE_MID-HEART_3-5_SLICES,33,3CH
3D_DYN_512,142,
3D_DYN_512_PRE,26,
3D_Heart_Nav,49,
3D_LA_MDE_Nav_SPF,220,
3D_LOC_FIESTA_Cine__-_Anatomy,28,
3D_LOC_FIESTA_Cine__-_Preview,29,
3D_MDE_Nav,141,
3D_MRA__COR,52,
3D_MRA__SAG,166,
3D_MRA_cor,1085,
3D_MRA_PRE_COR,37,
3D_MRA_PRE_SAG,159,
3D_MRA_SAG,172,
3D_NAV_SCOUT_S2,28,
3D_SAG_CARDIAC_REF_WIP,45,
3D_TFE_NAV_WHOLE__HEART,144,
3D-bTFE_big,309,
3D-bTFE_big_SENSE,47,
3Plane,66,
3Plane_BH,42,
3PLANE_LOC_CHEST_BH,35,
3Plane_Loc_FIESTA,67,
3Plane_Loc_SSFSE,58,
3Plane_Loc_ssfse,30,
3Plane_Loc_SSFSE_BH,36,
4_CH_CINE_SENSE,176,4CH
4_CH_FIESTA_CINE_LOC,28,
4_Chamber,98,4CH
4C_LGE_1_MID_SLICE,78,
4CH_CINE,35,4CH
4CH_CINE_FULL,28,4CH
4CH_CINE_SENSE,131,4CH
4CH_DE,191,
4CH_DELAYED_ENHANCEMENT,29,
4CH_DELAYED_ENHANCEMENT_SENSE,451,
4CH_loc,67,
4CH_LOC,37,
6_min_IR_TFE_LL_1BEAT_27_phases,44,
8_1_TSE_BB_SH_AX,42,
8_MIN_LIVER_MID_SLICE_T1_MOLLI_MAP,53,
8_MIN_MID_SA_SLICE_T1_MOLLI_MAP,53,
AA_PHASE_CONTRAST,37,
ANGIO_3D_(split),31,
ao_sQFLOW_BH,581,
AO_sQFLOW_BH,43,
AORTA_sQFLOW_BH,267,
AORTA_sQFLOW_BH_SENSE,49,
APEX_T1_MOLLI_MAP_native_PRE,37,
AutoViab300BH,149,
AutoViabBH,6313,
AutoViabBH_SA,32,
ax,55,
AX,30,
AX_2mm_Dynamic_2,189,
AX_2mm_PA,39,
AX_CINE,216,
AX_Cine_FIESTA,42,
AX_CINE_SENSE,550,
AX_CINE_WHOLE_HEART,48,
AX_DIR_BLACK_BLOOD,60,
Ax_FIESTA_non_gated,39,
Ax_FIESTA_ungated,392,
AX_PD_SSFSE,42,
AX_REF,96,
AX_REF_MRA,28,
AX_STACK,42,
AX_SURVEY,50,
BASE_mGraSE_BB_Sense_T2_MAP,46,
BASE_T1_MOLLI_MAP_native_PRE,74,
bFFE_BH_4CH,1819,4CH
bFFE_BH_AX,1571,
bFFE_BH_ax,103,
bFFE_BH_CINE,882,
bFFE_BH_CINE_SA,490,SAX
bFFE_BH_HLA,113,4CH
bFFE_BH_LA,32,
bFFE_BH_LVOT,56,3CH
bFFE_BH_RVOT,51,
bFFE_BH_SA,2713,SAX
bFFE_BH_vla,397,2CH
bFFE_BH_VLA,115,2CH
BTFE_FB_50_TD_LOC,28,
CHEST_Cine_AX-_WHOLE_HEART,81,
CINE__AX,34,
Cine_1_IR_RR,45,
CINE_2CH,38,2CH
Cine_2CH_loc,524,
CINE_3ch_3_SLICES,37,3CH
CINE_4CH,271,4CH
CINE_4CH_4_Slices,26,4CH
Cine_4CH_loc,478,
CINE_AX,58,
CINE_BTFE_FB_80,70,
CINE_HLA,56,4CH
Cine_HLA_loc,108,
Cine_IR,26,
Cine_IR_1RR,202,
Cine_IR_2_RR-_3MIN_(dota),29,
Cine_IR_2_RR-_5MIN_DOTA,66,
Cine_IR_2RR,257,
Cine_IR_2RR_-_3MIN(dota),56,
Cine_IR_2RR_-_8MIN,176,
Cine_IR_2RR_-5MIN(dota),26,
Cine_IR_SA_1_slice_mid,26,
CINE_LVOT,91,3CH
Cine_LVOT_loc,104,
CINE_SA,56,SAX
Cine_SA_loc,37,
CINE_SA_WHOLE_HEART,578,SAX
Cine_SAX_loc,506,
"Cine_SAX_loc_(base,mid,apex)",40,
Cine_SAX_loc_2_slices,44,
CINE_SAX_WHOLE_HEART,58,SAX
CINE_VLA,27,2CH
Cine_VLA_loc,76,
CO_SURVEY,49,
COR_CE-MRA_(PRE-PST),164,
Cor_Localizer_Mph_FB,50,
COR_REF,57,
Coro_Scout,141,
coroscout_TFE,39,
e-THRIVE_BH_pre,33,
FIESTA_Cine_AX,37,
FIESTA_Cine_SA,39,SAX
fs_T1_TSE_BB_ax,32,
fs_TSE_BB_SH_AX_fb,26,
Funct_SA_CINE,38,SAX
Funct_Short_Axis,53,
GAD_3CH_DE_3_SLICES,35,
GAD_APEX_T1_MOLLI_MAP_native,31,
GAD_AX_REF,27,
GAD_AX_REF_MRA,174,
GAD_BASE_T1_MOLLI_MAP_native,52,
GAD_HLA_DE,74,
GAD_HLA_DE_STACK,38,
GAD_MID_T1_MOLLI_MAP_native,52,
GAD_MOLLI_SSFP1.5T,86,
GAD_SA_DE,86,
GAD_SA_DE_STACK,56,
GAD_T1_native_MOLLI,67,
gad_T1_TSE_BB_ax,59,
GAD_VLA_DE,64,
GAD_VLA_DE_3_SLICES,43,
GATED_AX_SURV,567,
GATED_COR_SURV,471,
GATED_COR_SURV_CLEAR,39,
GATED_SAG_SURV,566,
GATED_SAG_SURV_CLEAR,39,
HLA_CINE,377,4CH
HLA_CINE_FULL_STACK,34,
HLA_CINE_SENSE,484,4CH
HLA_STACK,64,4CH
ia_survey,983,
INTERACTIVE,54,
IR_EPI_LL_CLEAR,2641,
IR_EPI_LL_POST,149,
IR_EPI_LL_PRE,136,
IR_TFE_LL,180,
LA_2C_CINE_LOC,82,
LA_4C_CINE_LOC,85,
LL_PSIR,39,
LOC_2CH,36,
LOC_4CH,38,
LOC_SA,43,
Localizer,48,
LPA_PHASE_CONTRAST,91,
lpa_sQFLOW_BH,146,
lvo_sQFLOW_BH,89,
LVOT_CINE,148,3CH
LVOT_CINE_SENSE,60,3CH
LVOT_PHASE_CONTRAST,44,
m-FFE_shortest_dTE_BH,77,
MAG:2CH_LGE,56,
MAG:4CH_LGE,90,
MAG:DE_2CH_VLA_LGE_(3_SLICE),53,
MAG:DE_4CH_2D_MDE,121,
MAG:DE_SA_2D_MDE,154,
MAG:DE_SA_2D_MDE_(LT_VENT),80,
MAG:DE_VLA_2D_MDE,69,
MAG:GAD_HLA_DE,30,
MAG:GAD_SA_DE,40,
MAG:GAD_VLA_DE,26,
MAG:LGE_4CH,39,
MAG:LGE_SA_stack,62,
MAG:SA_LGE-WHOLE_HEART,129,
MAG:VLA_LGE,28,
mGraSE_BB_Sense_T2_MAP,199,
mGraSE_BB_Sense_T2_R2,170,
MID_mGraSE_BB_Sense_T2_MAP,82,
MID_T1_MOLLI_MAP_native_PRE,77,
MIP_-_3D_DYN_512,128,
MIP_-_3D_MANUAL_START,33,
MOLLI_SSFP_PRE_CON_1.5T,107,
MPA_PHASE_CONTRAST,92,
mpa_sQFLOW_BH,792,
MPA_sQFLOW_BH,369,
MRA_SPIN,31,
opt_phase,86,
ORIFICE_CINE,51,
ORIFICE_CINE_SENSE,55,
ORIG_3D_LA_MDE_Nav_SPF,86,
ORIG_3D_MDE_Nav,27,
ORIG_MAG:DE_4CH_2D_MDE,33,
ORIG_MAG:DE_SA_2D_MDE,51,
ORIG_PS:DE_4CH_2D_MDE,33,
ORIG_PS:DE_SA_2D_MDE,51,
PC_AAO,68,
PC_LPA,43,
PC_MPA,76,
PC_RPA,42,
PC_VEC_AO,31,
PC_VEC_MPA,45,
PC_VENC_AO,46,
PC_VENC_MPA,30,
Ph1_COR_CE-MRA_(PRE-PST),56,
Ph2_COR_CE-MRA_(PRE-PST),55,
Ph3_COR_CE-MRA_(PRE-PST),54,
PRE_LIVER_MID_SLICE_T1_MOLLI_MAP,91,
PRE_MID_SA_SLICE_T1_MOLLI_MAP,91,
Processed_Images,85,
PS:2CH_LGE,59,
PS:4CH_LGE,94,
PS:DE_2CH_2D_MDE_3_SLICES,26,
PS:DE_2CH_VLA_LGE_(3_SLICE),56,
PS:DE_4CH_2D_MDE,131,
PS:DE_SA_2D_MDE,161,
PS:DE_SA_2D_MDE_(LT_VENT),79,
PS:DE_VLA_2D_MDE,73,
PS:GAD_HLA_DE,71,
PS:GAD_SA_DE,82,
PS:GAD_VLA_DE,56,
PS:LGE_2CH,32,
PS:LGE_2CH_3_slices,26,
PS:LGE_4CH,47,
PS:LGE_SA_stack,84,
PS:SA_LGE-WHOLE_HEART,181,
PS:VLA_LGE,31,
PSIR_SA_LGE,30,
PSIR_TFE_BH,44,
RPA_PHASE_CONTRAST,73,
rpa_sQFLOW_BH,154,
rvo_sQFLOW_BH,147,
RVOT_CINE,186,
RVOT_CINE_SENSE,38,
RVOT_PHASE_CONTRAST,32,
s3D_DYN_1,213,
s3D_DYN_2,213,
s3D_DYN_512_PH3,109,
s3D_DYN_PH1,217,
s3D_DYN_PH2,211,
s3D_DYN_PRE,201,
s3D_mDIXON,32,
SA_APPROX,81,
SA_CINE,503,SAX
SA_CINE_FIESTA,37,SAX
SA_CINE_SENSE,1036,SAX
SA_CINE_STACK,63,SAX
SA_DELAY_(single_shot),79,
SA_DELAY_MULTI_SHOT,83,
SA_DELAYED_ENHANCEMENT,32,
SA_DELAYED_ENHANCEMENT_SENSE_20CM_FOV,551,
SA_DEV,178,
SA_STACK,67,SAX
SA_TEST,72,SAX
SAG_OBL_CINE,26,
SAX_LOC,38,
SAX_LOC_2_SLICE,109,
sCORONARY_3D_DIXON_IN_PHASE,26,
sCORONARY_3D_DIXON_WATER,38,
SCOUT_3D_TFE_NAV_ORIGINS_ONLY,27,
sFAT_FRACTIONm-FFE_shortest_dTE_BH,34,
sFAT_m-FFE_shortest_dTE_BH,34,
SG_SURVEY,49,
Short_Ax_Base,45,SAX
Short_Ax_Mid,91,SAX
SHORT_AXIS_CINE_(10),36,SAX
sIRTFE_3D_BH,98,
SPIN,68,
spin,38,
SPIN_MRA,39,
SPIN_MRA_DYN1,168,
sQFLOW_AO_200,41,
sQFLOW_BH,497,
sQFLOW_MPA_200,29,
sR2*_T2*m-FFE_shortest_dTE_BH,34,
sR2*m-FFE_shortest_dTE_BH,34,
sT2*m-FFE_shortest_dTE_BH,34,
Summary_Series,81,
SURVEY,473,
SURVEY_BFFE,3024,
SURVEY_BH,506,
SURVEY_CLEAR,34,
SURVEY_FB,1176,
SURVEY_HEART,66,
sWATER_m-FFE_shortest_dTE_BH,34,
T1_enhanced,179,
T1_MOLLI_MAP_enhanced,105,
T1_MOLLI_MAP_native_PRE,303,
T1_native_MOLLI_PRE,65,
T1_native_PRE,85,
T1_TSE_BB_ax,662,
T1TSE_FATSAT,103,
T2_MAP_mGraSE_BB_Sense_T2_R2,84,
T2_star_FREE_BREATH,36,
T2_star_SA,78,
T2_star_SA_APEX,94,
T2_star_SA_BASE,81,
T2_star_SA_MID,991,
T2Map_FSE_BB,71,
T2w_MS_RT,277,
TI_SCOUT_10_MIN_DELAY,82,
TSE_BB_SH_AX,28,
TSE_BB_SH_AX_fb,51,
TSE_BB_SH_AX_rt,50,
TUMBLE,40,
tumble,36,
V3D_MRA__SAG,65,
V3D_MRA_ax,30,
V3D_MRA_cor,399,
V3D_MRA_SAG,47,
VLA_CINE,98,2CH
VLA_CINE_MID-HEART_3-5_SLICES,27,2CH
VLA_CINE_SENSE,325,2CH
VLA_CINE_WHOLE_HEART,60,2CH
VLA_DE_COVER_ENTIRE_HEART,164,
VLA_DELAYED_ENHANCEMENT,27,
VLA_DELAYED_ENHANCEMENT_SENSE,413,
VLA_LV_2CH,41,2CH
VLA_RV_2CH,53,2CH
VWIP_3D_MRA__SAG,102,
VWIP_3D_MRA_cor,509,
VWIP_3D_MRA_SAG,62,
WATER:_4.Ax_LAVA_T1_full_chest,27,
WIP_AutoViabBH_SENSE,374,
WIP_INTERACTIVE_CLEAR,654,
TI-Scout,3434,
tfisp_cine_sax,3392,SAX
LOOKLOCKER,3261,
short_axis_stack_cine_trufi_retro,3114,SAX
SHAX_DHE,2158,
4CH_DHE,2028,
LVOT_DHE,1940,
trufi_loc_multi_iPAT,1762,
2_CHAMBER_CINE,1745,2CH
short_axis_cine,1712,SAX
4_CHAMBER_CINE,1699,4CH
AX_TRUFISP,1653,
SAX_TSE_DB_mBH,1582,
4-CHAMBERS,1417,4CH
VLA_(2CH)_MP,1414,
2CH_DE_2D_TI400_BH_PSIR,1407,
2CH_DE_2D_TI400_BH_MAG,1405,
SHORT_AXIS,1401,SAX
4CH_DE_2DTI400__BH_PSIR,1382,
4CH_DE_2DTI400__BH_MAG,1382,
localizer,1356,
SURVEY,1354,
CINE_segmented_LAX_4Ch,1299,4CH
SAX_DE_2D_400_mBH_MAG,1296,
SAX_DE_2D_400_mBH_PSIR,1295,
T1W_SE-EPI,1294,
LVOT_(3CH)MP,1280,
CINE_segmented_LAX_2Ch,1274,2CH
3CH_DE_2D_400_BH_PSIR,1262,
3CH_DE_2D_400_BH_MAG,1259,
CINE_segmented_LAX_3Ch,1242,3CH
AAHeart_Scout,1231,
localizer@center,1227,
TI_SCOUT,1207,
Thorax_Cor_Tra,1207,
SAX_localizer,1205,
Define_SAX,1195,
DB_HASTE_AX,1192,
5_MIN_TI_Scout,1150,
SHAX_DHE_LONG,1131,
4CH_DHE_LONG,1129,
2CH_DHE_LONG,1127,
DB_T2TSE_SAX,1125,
10_MIN_TI_Scout,1122,
REST_PERFUSION_(AERA_REF.),1113,
LVOT_LONG_DHE,1112,
aortic_valve_short_axis_stack_cine_trufi_retro,1096,
tfisp_cine_AORTIC_VALVE,1078,
REST_PERFUSION_(AERA_REF.)_MOCO,1051,
4CH_CINE_BH,1039,4CH
2CH_CINE_BH,1034,2CH
CINE_segmented-_try_2sl_per_bh_SAX,1016,
SA_CINE_mBH,980,
2CH_DE_overview_BH_PSIR,974,
2CH_DE_overview_BH_MAG,974,
Short_Axis_localizer,965,
3_CHAMBER_CINE,963,3CH
3CH_DE_overview_BH_PSIR,952,
3CH_DE_overview_BH_MAG,952,
T2w_BB,946,
Ax_DB_TSE__free_breathing,938,
3CH_CINE_BH,899,3CH
SAX_TRUFISP,871,
4CH_DE_overview_BH_PSIR,871,
4CH_DE_overview_BH_MAG,870,
SAX_EF_CINE,833,SAX
DefineLongaxis_3Ch_4Ch_2Ch,804,
T1Map_LongT1_4_CH__(R_TO_R_>_700_MS)_MOCO,779,
T1Map_LongT1_4_CH__(R_TO_R_>_700_MS),779,
4CH_DE_(TI=400)_MBH_PSIR,769,
4CH_DE_(TI=400)_MBH_MAG,769,
LOCATOR_@_ISO,766,
2CH_DE_(TI=400)_MBH_PSIR,765,
2CH_DE_(TI=400)_MBH_MAG,765,
T1Map_LongT_3SL_(R_TO_R_>_700_MS),764,
T1Map_LongT_3SL_(R_TO_R_>_700_MS)_MOCO,763,
T2Map_TrueFISP_mid_3SL__(R_TO_R_>_700_MS)_MOCO,761,
T2Map_TrueFISP_mid_3SL__(R_TO_R_>_700_MS),761,
fastblade_Ax_DB_TSE__free_breathing,756,
trufi_shortaxis_loc,749,
SAX_DE_overview_mBH_PSIR,737,
SAX_DE_overview_mBH_MAG,737,
T1Map_LongT1_pre_SA_MOCO,735,
T1Map_LongT1_pre_SA,735,
SHORT_AXIS_EF_CINE,723,SAX
Axial_cine,708,
LOCATOR,691,
t1map_short_t1_4_CH_>_700_MS_MOCO,689,
t1map_short_t1_4_CH_>_700_MS,689,
T1Map_ShortT1_post_SA_MOCO,666,
T1Map_ShortT1_post_SA,666,
t1map_short_t1_SAX_>_700_MS_MOCO,645,
t1map_short_t1_SAX_>_700_MS,642,
DE_overview_500MS_LAX_AND__SAX_2ChStack_4ChStack_PSIR,612,
DE_overview_500MS_LAX_AND__SAX_2ChStack_4ChStack_MAG,612,
AX_CINE_STACK_mBH,556,
T2Map_TrueFISP_mid_SA,537,
T2Map_TrueFISP_mid_SA_MOCO,536,
AX_SURVEY,528,
3_ch__CINE,516,3CH
Cine_Segmented_RVOT,503,
T1Map_LongT1_SA_MOCO,499,
T1Map_LongT1_SA,496,
4CH_DE_OVERVIEW_MBH_PSIR,487,
4CH_DE_OVERVIEW_MBH_MAG,486,
CINE-SHORT_AXIS_STACK,472,SAX
SAX_10_MIN_DME_HIGH_RES_mBH_PSIR,461,
SAX_10_MIN_DME_HIGH_RES_mBH_MAG,461,
T2Map_TrueFISP_mid_3SL__(R_TO_R_>_700_MS)_MOCO_T2,443,
tfisp_cine_4_chamber_STACK,436,4CH
2CH_DE_OVERVIEW_MBH_PSIR,433,
2CH_DE_OVERVIEW_MBH_MAG,433,
AXIAL_CINE,432,
AX_SURVEY_BH,428,
T1Map_ShortT1_SA_MOCO,427,
T1Map_ShortT1_SA,426,
T1Map_LongT_3SL_(R_TO_R_>_700_MS)_MOCO_T1,422,
5min_2dviab,397,
first_pass_perf_sax_trufi_test,396,
3CH_DE_OVERVIEW_MBH_MAG,396,
3CH_DE_OVERVIEW_MBH_PSIR,395,
Axial_Cine_Stack,368,
T1Map_LongT1_4_CH_MOCO,364,
T1Map_LongT1_4_CH,364,
t1map_short_t1_SAX_>_700_MS_MOCO_T1,351,
LOCALIZER,343,
2CH_DHE,338,
localizer_trufi_short_axis,331,
localizer_trufi_multislice,318,
T1Map_ShortT1_4ch,316,
T1Map_ShortT1_4ch_MOCO,315,
tfisp_cine_3_chamber,310,3CH
Q_flow_(Qs)_Aorta_250_P,300,
Q_flow_(Qs)_Aorta_250,299,
tfisp_cine_4_chamber,298,
Q_flow_(Qs)_Aorta_250_MAG,293,
DEFINE_LAX_CINE_3CH,292,
4_chamber_cine_trufi_retro,292,4CH
DE_overview_500MS_LAX_AND__4ChStack_SAX_2ChStack_PSIR,291,
DE_overview_500MS_LAX_AND__4ChStack_SAX_2ChStack_MAG,291,
trufi_shortaxis_iPAT,286,
trufi_loc_multi_iPAT@c,283,
ti-scout,280,
T1Map_ShortT1_POST_4CH_MOCO,280,
T1Map_ShortT1_POST_4CH,280,
DEFINE_LAX_CINE_4CH,273,
test_PERFUSION,272,
DEFINE_LAX_CINE_2CH,266,
PERF_SA_3_SLICE_TPAT_TEST,261,
tfisp_cine_2_chamber,254,2CH
4_chamber_stack_cine_trufi_retro,254,
Trufi_Cine_SAX,243,SAX
aortic_valve_long_axis_cine_trufi_retro,242,
T1Map_LongT1_pre_4ch_MOCO,240,
T1Map_LongT1_pre_4ch,240,
AORTA_Q_FLOW,239,
real_time_cine_trufi_trig,236,
axial_haste_iPAT_no_breathhold,236,
test_PERFUSION_MOCO,235,
axial_trufi_iPAT_no_breathhold,234,
LOCATOR_ISO+SHIM,227,
LOCATOR_free_breathing,226,
PUL_Q_FLOW,223,
first_pass_perf_sax_trufi,222,
3chamber_cine_trufi_retro,219,3CH
tfi_psir_single-shot_2_chamber_stack_PSIR,218,
tfi_psir_single-shot_2_chamber_stack_MAG,218,
DefineLongaxis_4Ch_2Ch_3Ch,218,
aortic_flow_150_tp_retro_bh_P,217,
aortic_flow_150_tp_retro_bh_MAG,217,
aortic_flow_150_tp_retro_bh,217,
mitral_valve_inflow_flow_quant_150_retro_bh_P,213,
mitral_valve_inflow_flow_quant_150_retro_bh_MAG,213,
mitral_valve_inflow_flow_quant_150_retro_bh,213,
POST_GAD_T1_VIBE_FS_IPAT,211,
SHORT_AXIS_EF_CINE_CS_2_shot,209,
CINE_segmented_LAX_3ChStack,209,
2_chamber_stack_ss_trufi_psir_ipat2_PSIR,209,
2_chamber_stack_ss_trufi_psir_ipat2_MAG,209,
pulmonary_vein_flow_flow_quant_120_retro_bh_P,205,
pulmonary_vein_flow_flow_quant_120_retro_bh_MAG,205,
pulmonary_vein_flow_flow_quant_120_retro_bh,205,
4_CHAMBER_CINE_CS_2_shot,205,
tfi_psir_single-shot_short_axis_stack_PSIR,204,
tfi_psir_single-shot_short_axis_stack_MAG,204,
PERF_SA_3_SLICES_TPAT_STRESS,204,
pulmonary_vein_flow_quant_P,202,
pulmonary_vein_flow_quant_MAG,202,
pulmonary_vein_flow_quant,202,
4_chamber_stack_ss_trufi_psir_ipat2_PSIR,202,
4_chamber_stack_ss_trufi_psir_ipat2_MAG,202,
mitral_valve_flow_quant_P,201,
mitral_valve_flow_quant_MAG,201,
mitral_valve_flow_quant,201,
2chamber_cine_trufi_retro,199,2CH
PERF_SA_3_SLICES_TPAT_REST,198,
myocardial_velocity_flow_quant_50_retro_bh_P,198,
myocardial_velocity_flow_quant_50_retro_bh_MAG,198,
myocardial_velocity_flow_quant_50_retro_bh,198,
haste_16-sl_tra_db_2bh,196,
tfi_psir_single-shot_4_chamber_stack_PSIR,192,
tfi_psir_single-shot_4_chamber_stack_MAG,192,
CINE_segmented_SAX,192,SAX
Q_flow_(Qp)_Pulmonary_200_MAG,191,
Q_flow_(Qp)_Pulmonary_200_P,190,
Q_flow_(Qp)_Pulmonary_200,190,
tfi_psir_single-shot_3_chamber_stack_PSIR,189,
tfi_psir_single-shot_3_chamber_stack_MAG,189,
axial_trufi_single-shot,188,
axial_t1_vibe_fs_tra_p4_bh_320,187,
tse_17_db_t2_iPAT,185,
3_chamber_stack_ss_trufi_psir_ipat2_PSIR,180,
3_chamber_stack_ss_trufi_psir_ipat2_MAG,180,
three_chamber_cine,176,3CH
3_CHAMBER_CINE_STACK,175,3CH
sax_mid_t2map_trufi_MOCO,174,
sax_mid_t2map_trufi,174,
sax_mid_normal_breathing_real_time_cine_trufi_trig,174,
DefineLongaxis_4Ch_3Ch_2Ch,174,
3_CHAMBER_CINE_CS_2_shot,174,
2_CHAMBER_CINE_CS_2_shot,174,
RVOT,173,
two_chamber_cine,172,2CH
VIAB_3D_NAV,171,
TI-Scout_5_MIN_POST,169,
TI-Scout_10_MIN_POST,169,
tfisp_cine_ANT,168,
"sax_mid_t1map_precontrast_(for_RR>700ms,_HR<85)_MOCO",163,
"sax_mid_t1map_precontrast_(for_RR>700ms,_HR<85)",163,
four_chamber_cine,163,4CH
short_axis_loc,162,
10_MIN_DE_High-Res_SAX_PSIR,162,
10_MIN_DE_High-Res_SAX_MAG,162,
sax_mid_deep_breathing_real_time_cine_trufi_trig,161,
aortic_root_flow_quant_P,160,
aortic_root_flow_quant_MAG,160,
aortic_root_flow_quant,160,
PERF_SHORT_AXIS_3_SLICES_TPAT_TEST,157,
perfusion_tfl,156,
CINE-AORTIC_VALVE__SHORT_FISP,156,
tfisp_cine_AORTIC_ROOT,153,
perfusion_tfl_MOCO,153,
SAX_DE_2D_TI_400_mBH_PSIR,152,
SAX_DE_2D_TI_400_mBH_MAG,152,
tfi_psir_single-shot_10sl_iPAT_SAX_PSIR,151,
tfi_psir_single-shot_10sl_iPAT_SAX_MAG,151,
RVOT_CINE,150,
tfl20_t1_psir_segmented_SHORT_AX_PSIR,147,
tfl20_t1_psir_segmented_SHORT_AX_MAG,147,
tfi_psir_single-shot_10sl_iPAT_4Ch_PSIR,145,
tfi_psir_single-shot_10sl_iPAT_4Ch_MAG,145,
REST_PERFUSION_NEW,143,
tfi_psir_single-shot_10sl_iPAT_2CH_PSIR,142,
tfi_psir_single-shot_10sl_iPAT_2CH_MAG,142,
axial_haste_db_tra_bh,142,
tfi_psir_single-shot_10sl_iPAT_3Ch_PSIR,140,
tfi_psir_single-shot_10sl_iPAT_3Ch_MAG,140,
AX_CINE_STACK_mBH_CS_2_shot,140,
tfi_psir_single-shot_10sl_iPAT_SAX_Long_TI_Delay_PSIR,139,
tfi_psir_single-shot_10sl_iPAT_SAX_Long_TI_Delay_MAG,139,
tfi_psir_single-shot_10sl_iPAT_2CH_Long_TI_Delay_PSIR,139,
tfi_psir_single-shot_10sl_iPAT_2CH_Long_TI_Delay_MAG,139,
cine_realtime_TEMP_RES_~40,139,
tfi_psir_single-shot_10sl_iPAT_4Ch_Long_TI_Delay_PSIR,138,
tfi_psir_single-shot_10sl_iPAT_4Ch_Long_TI_Delay_MAG,138,
Cine_Segmented_LVOT,138,
tfisp_cine_INF,137,
sax_stack_ss_trufi_psir_ipat2_PSIR,135,
sax_stack_ss_trufi_psir_ipat2_MAG,135,
sax_(3_views)_t2_stir_db,135,
REST_PERFUSION_NEW_MOCO,135,
10_MIN_DE_High-Res_315_SAX_PSIR,135,
10_MIN_DE_High-Res_315_SAX_MAG,135,
OPTIONAL-PERF_SHORT_AXIS_3_SLICES_TPAT_TEST,134,
4CH_DE_2D_TI_400_mBH_PSIR,134,
4CH_DE_2D_TI_400_mBH_MAG,134,
2CH_DE_2D_TI_400_mBH_PSIR,133,
2CH_DE_2D_TI_400_mBH_MAG,133,
SAX_CINE_CS_2_shot,132,
OPT_AORTIC_VALVE_gre_cine,132,
3CH_DE_2D_TI_400_mBH_PSIR,131,
3CH_DE_2D_TI_400_mBH_MAG,131,
SAX_cine_realtime_TPAT3+,126,
first_pass_perf_sax_stress,126,
myocardial_velocities_P,124,
myocardial_velocities_MAG,124,
myocardial_velocities,124,
first_pass_perf_sax_rest,123,
STRESS_PERFUSION_(AERA_REF.),120,
sax_(3_slices)_segmented_tfl_psir_ipat_PSIR,117,
sax_(3_slices)_segmented_tfl_psir_ipat_MAG,117,
AUTO_HEART,116,
10_MIN_DE_High-Res_300_SAX_PSIR,116,
10_MIN_DE_High-Res_300_SAX_MAG,116,
SAX_DE_OVERVIEW_MBH_PSIR,113,
SAX_DE_OVERVIEW_MBH_MAG,113,
T2Map_TrueFISP_mid_SA__3SL_(R_TO_R_<_700_MS)_MOCO,111,
T2Map_TrueFISP_mid_SA__3SL_(R_TO_R_<_700_MS),111,
Q_flow_(Qp)_R._Pulmonary_200_P,111,
Q_flow_(Qp)_R._Pulmonary_200,111,
Q_flow_(Qp)_L.Pulmonary__200_P,111,
PERF_SHORT_AXIS_3_SLICES_TPAT_POST,111,
STRESS_PERFUSION_NEW,110,
Q_flow_(Qp)_R._Pulmonary_200_MAG,110,
Q_flow_(Qp)_L.Pulmonary__200_MAG,110,
Q_flow_(Qp)_L.Pulmonary__200,110,
Cine_Segmented_AV,109,
3_ch__CINE_STACK,109,
test_PERFUSION_NEW,108,
T2Map_TrueFISP_SAXs_MOCO,108,
T2Map_TrueFISP_SAXs,108,
SAX_DE_2D_(TI_=_400)_MBH_PSIR,108,
SAX_DE_2D_(TI_=_400)_MBH_MAG,108,
OPTIONAL-PERF_SHORT_AXIS_3_SLICES_TPAT_POST,108,
t1map_long_t1_SA_MOCO,107,
t1map_long_t1_SA,107,
SAX_REAL_TIME,106,
test_PERFUSION_NEW_MOCO,105,
t1map_long_t1_SA__3SL_(R_TO_R_<_700_MS)_MOCO,105,
t1map_long_t1_SA__3SL_(R_TO_R_<_700_MS),105,
STRESS_PERFUSION_NEW_MOCO,102,
STRESS_PERFUSION_(AERA_REF.)_MOCO,102,
PERF-TFISP_TPAT-3_SLICES_-_TEST,102,
tse_t2_spair_sax,101,
t1map_long_t1_4_CH__(R_TO_R_<_700_MS)_MOCO,101,
t1map_long_t1_4_CH__(R_TO_R_<_700_MS),101,
Screenshots,101,
"sax_mid_t1map_post_contrast_(use_if_RR>700ms,_HR<85)_MOCO",99,
"sax_mid_t1map_post_contrast_(use_if_RR>700ms,_HR<85)",99,
T1map_SAX_MOCO,98,
T1map_SAX,98,
T1map_LAX_MOCO,97,
T1map_LAX,97,
Stress_PERFUSION,97,
Trufi_Cine_HLA,96,4CH
t1map_short_T1_4_CH_<_700_MS_MOCO,94,
t1map_short_T1_4_CH_<_700_MS,94,
DE_overview_500MS_LAX_AND__SAX_4ChStack_2ChStack_PSIR,94,
DE_overview_500MS_LAX_AND__SAX_4ChStack_2ChStack_MAG,94,
t1map_short_t1_SA_3SL_<_700_MS_MOCO,92,
t1map_short_t1_SA_3SL_<_700_MS,92,
10_MIN_DE_High-Res_LAX_3Ch_4Ch_2Ch_PSIR,92,
10_MIN_DE_High-Res_LAX_3Ch_4Ch_2Ch_MAG,92,
tfisp_cine_AORTIC_ROOT_long_axis,90,
SAX_TSE_DB_mBH_wFS,90,
PERFUSION,90,
PERF-TFISP_TPAT-3_SLICES_-_STRESS,90,
DE_overview_500MS_LAX_AND__4ChStack_2ChStack_SAX_PSIR,90,
DE_overview_500MS_LAX_AND__4ChStack_2ChStack_SAX_MAG,90,
10_MIN_DE_High-Res_LAX_315_3Ch_4Ch_2Ch_PSIR,88,
10_MIN_DE_High-Res_LAX_315_3Ch_4Ch_2Ch_MAG,88,
3CH_DE_(TI=400)_MBH_PSIR,87,
3CH_DE_(TI=400)_MBH_MAG,87,
10_MIN_DE_High-Res_285_SAX_PSIR,87,
10_MIN_DE_High-Res_285_SAX_MAG,87,
4CH_REAL_TIME,85,
tfisp_cine_aortic_valve_short_axis,83,
CINE_GRID_TAG_SHORT_AXIS,83,
Axial_Cine_Stack_InlineVF,83,
flow_AORTA_VALVE_200_P,82,
flow_AORTA_VALVE_200_MAG,82,
flow_AORTA_VALVE_200,82,
trufi_shortaxis_loc_(new),81,
t1map_short_t1_SA_MOCO,81,
t1map_short_t1_SA,81,
t1map_long_t1_4_CH_MOCO,81,
SHAX__EF_CINE_CS_real_time,81,
PERF-TFISP_TPAT-3_SLICES_-_REST,81,
MPA__flow_quant_P,80,
MPA__flow_quant_MAG,80,
MPA__flow_quant,80,
t1map_long_t1_4_CH,79,
Rest_PERFUSION_MOCO,79,
Rest_PERFUSION,79,
Trufi_Cine_VLA,77,2CH
T2Map_TrueFISP_mid_SA_MOCO_T2,76,
sax_stack_de_trufi_psir_ipat2_PSIR,76,
sax_stack_de_trufi_psir_ipat2_MAG,76,
DIXON_Native_W,76,
DIXON_Native_in,76,
DIXON_Native_F,76,
Trufi_Cine_3CH,75,3CH
DIXON_Native_opp,75,
T1Map_ShortT1_POST_SA_MOCO,74,
T1Map_ShortT1_POST_SA,74,
SHAX__EF_CINE_CS_real_time_INTP,74,
10_MIN_DE_High-Res_LAX_300_3Ch_4Ch_2Ch_PSIR,74,
10_MIN_DE_High-Res_LAX_300_3Ch_4Ch_2Ch_MAG,74,
DE_overview__270_SAX_PSIR,73,
DE_overview__270_SAX_MAG,73,
LOC_ISO_SHIM,72,
10_MIN_DE_High-Res_310_SAX_PSIR,72,
10_MIN_DE_High-Res_310_SAX_MAG,72,
localizer_trufi_HLA,71,
DE_high-res_sa_PSIR,71,
DE_high-res_sa_MAG,71,
4_chamber_cine_fl2d_grid,71,
2_chamber_cine_fl2d_grid,71,
tfisp_cine__MPA_#1,70,
short_axis_cine_realtime,70,
T1Map_LongT1_SA_MOCO_T1,69,
DE_overview__285_SAX_PSIR,69,
DE_overview__285_SAX_MAG,69,
Aortic_Valve,69,
DIXON_Post_Delay_W,68,
DIXON_Post_Delay_opp,68,
DIXON_Post_Delay_in,68,
DIXON_Post_Delay_F,68,
3_CHAMBER_CINE_STACK_CS_2_shot,68,
aortic_root_flow_quant-_P,67,
aortic_root_flow_quant-_MAG,67,
aortic_root_flow_quant-,67,
-optional-High_res_multi-slice_free_breathing_delayed__MOCO_PSIR,67,
-optional-High_res_multi-slice_free_breathing_delay_MOCO_AVG_MAG,67,
Stress_PERFUSION_MOCO,66,
real_time_cine_trufi_SHORT_AXIS,66,
cine_realtime_tf2d_10sl__trig_TPAT3+,66,
-optional-High_res_multi-slice_free_breathing_dela_MOCO_AVG_PSIR,66,
tfisp_cine__MPA_#2,65,
psir_seg_SAX_PSIR,65,
DE_TRUFI_SAX_FB_MOCO_AVG_PSIR,65,
DE_TRUFI_SAX_FB_MOCO_AVG_MAG,65,
DE_overview__240_SAX_PSIR,65,
DE_overview__240_SAX_MAG,65,
3_chamber_cine_fl2d_grid,65,
10_MIN_DE_High-Res_270_SAX_PSIR,65,
10_MIN_DE_High-Res_270_SAX_MAG,65,
psir_seg_SAX_MAG,64,
myocardial_velocities-BREATHING_P,64,
myocardial_velocities-BREATHING_MAG,64,
myocardial_velocities-BREATHING,64,
flow_PULM_VALVE_150_P,64,
flow_PULM_VALVE_150_MAG,64,
flow_PULM_VALVE_150,64,
DE_TRUFI_VLA_FB_MOCO_AVG_PSIR,64,
DE_TRUFI_VLA_FB_MOCO_AVG_MAG,64,
DE_TRUFI_HLA_FB_MOCO_AVG_PSIR,64,
DE_TRUFI_HLA_FB_MOCO_AVG_MAG,64,
DE_TRUFI_3CH_FB_MOCO_AVG_PSIR,63,
DE_TRUFI_3CH_FB_MOCO_AVG_MAG,63,
DE_overview__255_SAX_PSIR,63,
DE_overview__255_SAX_MAG,63,
10_MIN_DE_High-Res_LAX_285_3Ch_4Ch_2Ch_PSIR,62,
10_MIN_DE_High-Res_LAX_285_3Ch_4Ch_2Ch_MAG,62,
SS_TRUFI_PSIR_SAX_PSIR,61,
SS_TRUFI_PSIR_SAX_MAG,61,
REST_PERFUSION_(3slices),60,
psir_seg_2_CHAMBER_PSIR,60,
psir_seg_2_CHAMBER_MAG,60,
2_chamber_cine_trufi_retro,60,2CH
DIXON_Post_Early_opp,59,
DIXON_Post_Early_in,59,
DIXON_Post_Early_F,59,
t1map_short_t1_4_CH_MOCO,58,
t1map_short_t1_4_CH,58,
SAX_GRID,58,
DIXON_Post_Early_W,58,
T2map_SAX_MOCO,57,
T2map_SAX,57,
T1Map_ShortT1_SA_MOCO_T1,57,
T2Map_TrueFISP_mid_SA__3SL_(R_TO_R_<_700_MS)_MOCO_T2,56,
T2map_LAX_trufi_MOCO,56,
T2map_LAX_trufi,56,
psir_seg_4_CHAMBER_PSIR,56,
DE_overview__250_SAX_PSIR,56,
DE_overview__250_SAX_MAG,56,
CORONARY_SURVEY,56,
10_MIN_DE_High-Res_280_SAX_PSIR,56,
10_MIN_DE_High-Res_280_SAX_MAG,56,
(OPT)_2CH_RV_INFLOW,56,
psir_seg_4_CHAMBER_MAG,54,
flow_AORTA_VALVE_150_P,54,
flow_AORTA_VALVE_150_MAG,54,
flow_AORTA_VALVE_150,54,
DE_overview_LAX_AND__SAX_2ChStack_4ChStack_3ChStack_PSIR,54,
DE_overview_LAX_AND__SAX_2ChStack_4ChStack_3ChStack_MAG,54,
t1map_long_t1_SA__3SL_(R_TO_R_<_700_MS)_MOCO_T1,53,
RVOT_CINE_BH,53,
4CH_GRID_45DEG.,53,
3_chamber_cine_trufi_retro,53,3CH
REST_PERFUSION,52,
CINE-4_CHAMBER_TFISP,52,
cine_trufi_rt_10sl_trig,52,
AORTIC_VALVE_CINE_mBH,52,
T2w_BB_FS,51,
real_time_cine_trufi_trig_SAX,51,
flow_PULM_VALVE_100_P,51,
flow_PULM_VALVE_100_MAG,51,
flow_PULM_VALVE_100,51,
DE_overview__260_SAX_PSIR,51,
DE_overview__260_SAX_MAG,51,
CINE-2_CHAMBER_TFISP,51,
10_MIN_DE_High-Res_330_SAX_PSIR,50,
10_MIN_DE_High-Res_330_SAX_MAG,50,
LVOT_STACK,48,
-optional-High_res_multi-slice_free_breathing_delayed_for_mo_MAG,46,
-optional-High_res_multi-slice_free_breathing_delayed_for_m_PSIR,46,
-optional-High_res_multi-slice_free_breathing_delayed_f_MOCO_MAG,46,
t1map_short_t1_SA_3SL_<_700_MS_MOCO_T1,45,
T1map_SAX_MOCO_T1,45,
real_time_cine_trufi_AORTIC_VALVE,45,
High_res_(TI_=____)free_breathing_delayed_PSIR,45,
High_res_(TI_=____)free_breathing_delayed_MOCO_PSIR,45,
High_res_(TI_=____)free_breathing_delayed_MOCO_AVG_PSIR,45,
High_res_(TI_=____)free_breathing_delayed_MAG,45,
10_MIN_DME_HIGH_RES_mBH_PSIR,45,
10_MIN_DME_HIGH_RES_mBH_MAG,45,
SLOW_PERFUSION_1ML_per_sec._MOCO,44,
SLOW_PERFUSION_1ML_per_sec.,44,
High_res_(TI_=____)free_breathing_delayed_MOCO_MAG,44,
High_res_(TI_=____)free_breathing_delayed_MOCO_AVG_MAG,44,
GRE_cine_sax,44,
DE_overview__280_SAX_MAG,44,
AXIAL_VIBE_DIXON_WHOLE_CHEST_W,44,
AXIAL_VIBE_DIXON_WHOLE_CHEST_opp,44,
AXIAL_VIBE_DIXON_WHOLE_CHEST_in,44,
AXIAL_VIBE_DIXON_WHOLE_CHEST_F,44,
3_CHAMBER__CINE_STACK,44,
2CH_DHE_TI200,44,
flow_PULM_VALVE_P,43,
flow_PULM_VALVE_MAG,43,
flow_PULM_VALVE,43,
DE_overview__280_SAX_PSIR,43,
2CH_RV_INFLOW,43,
10_MIN_DE_High-Res_LAX_310_3Ch_4Ch_2Ch_PSIR,43,
10_MIN_DE_High-Res_LAX_310_3Ch_4Ch_2Ch_MAG,43,
SAX_DE_overview_mBH_TI260_PSIR,42,
SAX_DE_overview_mBH_TI260_MAG,42,
PERFUSION_first_pass_C+,42,
flow_AORTA_VALVE_P,42,
flow_AORTA_VALVE_MAG,42,
flow_AORTA_VALVE,42,
SAX_DE_TI_230_mBH_PSIR,41,
SAX_DE_TI_230_mBH_MAG,41,
CINE-3_CHAMBER_TFISP,41,
T2Map_TrueFISP_4_CH_SAXs_MOCO,40,
T2Map_TrueFISP_4_CH_SAXs,40,
DefineLongaxis_2Ch_4Ch_3Ch,40,
axial_haste_db_tra,40,
AORTIC_VALVE,40,
SAX_Real_time_cine_trufi_trig,39,
SAX_10_MIN_DME_HIGH_RES_TI_285_mBH_PSIR,39,
SAX_10_MIN_DME_HIGH_RES_TI_285_mBH_MAG,39,
REAL-TIME,39,
PERFUSION_REST,39,
LAO,39,
3_CH_Cine_Stack,39,
2CH_DHE_TI230,39,
10_MIN_DE_High-Res_LAX_270_3Ch_4Ch_2Ch_PSIR,39,
10_MIN_DE_High-Res_LAX_270_3Ch_4Ch_2Ch_MAG,39,
10_MIN_DE_High-Res_345_SAX_PSIR,39,
10_MIN_DE_High-Res_345_SAX_MAG,39,
SAX_real_time_cine_trufi_trig,38,
SAG_CANDY_CANE_CINE_mBH,38,
RVOT_CINE_STACK,38,
4_chamber_stack_cine,38,
dynamic_tfl_sr_epat_MOCO,37,
dynamic_tfl_sr_epat,37,
4_CHAMBER_CINE_iPAT,37,
2CH_DHE_TI215,37,
Trufi_Cine_SAX_InlineVF,36,SAX
TFISP_PSIR_SHORT_AXIS_STACK_PSIR,36,
TFISP_PSIR_SHORT_AXIS_STACK_MAG,36,
TFISP_PSIR_2_CHAMBER_STACK_PSIR,35,
TFISP_PSIR_2_CHAMBER_STACK_MAG,35,
SHORT_AXIS_CINE_iPAT,35,
sax_mid_t1map_post_contrast_(copy_everything_T1-myomap_pre_con),35,
sax_mid_t1map_post_contrast_(copy_everything_T1-myomap_pre__MOCO,35,
SAX_cine_realtime_tf2d_10sl__trig_TPAT3+,35,
CINE-AORTIC_LONG_FISP,35,
CINE_segmented_3ch_stack_3Ch,35,
3CH_CINE_STACK_BH,35,
2CH_DHE_TI225,35,
10_MIN_DE_High-Res_LAX_4Ch_3Ch_2Ch_PSIR,35,
10_MIN_DE_High-Res_LAX_4Ch_3Ch_2Ch_MAG,35,
TEST_PERFUSION,34,
T1map_LAX_MOCO_T1,34,
MITRAL_VALVE_INFLOW_P,34,
MITRAL_VALVE_INFLOW,34,
mass_(2_views)_cine_trufi_retro,34,
DE_overview_LAX_285_2ChStack_4ChStack_3ChStack_PSIR,34,
DE_overview_LAX_285_2ChStack_4ChStack_3ChStack_MAG,34,
DE_overview_LAX_255_2ChStack_4ChStack_3ChStack_PSIR,34,
DE_overview_LAX_255_2ChStack_4ChStack_3ChStack_MAG,34,
DE_overview__11_slices_SAX_PSIR,34,
DE_overview__11_slices_SAX_MAG,34,
CINE_Realtime_NonTrig_SA,34,
AXIAL_VIBE_2MM_POST,34,
"3D_SAG_MRA_WO_CON_(NEW,_FAST)",34,
2CH_DHE_TI210,34,
10_MIN_DE_High-Res_LAX_280_3Ch_4Ch_2Ch_PSIR,34,
10_MIN_DE_High-Res_LAX_280_3Ch_4Ch_2Ch_MAG,34,
TFISP_PSIR_4_CHAMBER_STACK_PSIR,33,
TFISP_PSIR_4_CHAMBER_STACK_MAG,33,
TFISP_PSIR_3_CHAMBER_STACK_PSIR,33,
TFISP_PSIR_3_CHAMBER_STACK_MAG,33,
t2_trufi_single-shotl_axial,33,
t2_haste_db_tra_bh_axial,33,
sax_(3_slices)_Segmented_tfl_psir_ipat_PSIR,33,
sax_(3_slices)_Segmented_tfl_psir_ipat_MAG,33,
Rest_perfusion_tfl_MOCO,33,
Rest_perfusion_tfl,33,
Localizer,33,
fl2d9_grid_sax,33,
FFE_GRID_TAG,33,
DefineLongaxis_3Ch_2Ch_4Ch,33,
DE_overview__300_SAX_PSIR,33,
DE_overview__300_SAX_MAG,33,
cine_realtime_tf2d_4CH,33,
AX_TFISP_NBH,33,
Ax_CINE_CS_2_shot,33,
ATRIAL_SHORT_AXIS,33,
2_CHAMBER_CINE_iPAT,33,
10_MIN_DE_High-Res_290_SAX_PSIR,33,
10_MIN_DE_High-Res_290_SAX_MAG,33,
"sax_mid_t1map_precontrast_(for_RR<700ms,_HR>85)_MOCO",32,
"sax_mid_t1map_precontrast_(for_RR<700ms,_HR>85)",32,
AX_HASTE_NBH,32,
ATRIAL_SA_CINE_mBH,32,
Anterior_stack_cine_trufi_retro,32,
4_CHAMBER_CINE_STACK,32,
2_CHAMBER_CINE_GRE,32,
tfisp_cine_RT_SIDE_STACK,31,
SAX_10_MIN_DME_HIGH_RES_mBH_TI260_PSIR,31,
SAX_10_MIN_DME_HIGH_RES_mBH_TI260_MAG,31,
real_time_cine_trufi_SHORT_AX,31,
PERF_SHORT_AXIS_3_SLICES_TPAT_TEST_MOCO,31,
first_pass_perf_mass_(2_views)_trufi_test,31,
3_CHAMBER_CINE_iPAT,31,
2CH_DHE_TI220,31,
2CH_DE_TI_230_BH_PSIR,31,
2CH_DE_TI_230_BH_MAG,31,
tfisp_cine_PULM__VALVE,30,
T1Map_ShortT1_Post_SA_MOCO,30,
T1Map_ShortT1_Post_SA,30,
SAX_DE_overview_mBH_TI230_PSIR,30,
SAX_DE_overview_mBH_TI230_MAG,30,
SAX_10_MIN_DME_HIGH_RES_TI_310_mBH_PSIR,30,
SAX_10_MIN_DME_HIGH_RES_TI_310_mBH_MAG,30,
real_time_cine_trufi_trig_3CH,30,
real_time_cine_trufi_trig_2CH,30,
PERF_SA_3_SLICE_TPAT_TEST_MOCO,30,
DE_overview_LAX_2ChStack_4ChStack_3ChStack_PSIR,30,
DE_overview_LAX_2ChStack_4ChStack_3ChStack_MAG,30,
DE_overview_LAX_240_2ChStack_4ChStack_3ChStack_PSIR,30,
DE_overview_LAX_240_2ChStack_4ChStack_3ChStack_MAG,30,
DE_overview__220_SAX_PSIR,30,
DE_overview__220_SAX_MAG,30,
CINE_realtime_SAX,30,
4CH_DE_TI_230_BH_PSIR,30,
4CH_DE_TI_230_BH_MAG,30,
3CH_DE_TI_230_BH_PSIR,30,
3CH_DE_TI_230_BH_MAG,30,
2CH_DHE_TI185,30,
10_MIN_DE_High-Res_250_SAX_PSIR,30,
10_MIN_DE_High-Res_250_SAX_MAG,30,
Trufi_Cine_AX,29,
t2map_trufi_3slices_SHAX_MOCO,29,
t2map_trufi_3slices_SHAX,29,
T2Map_TrueFISP_4CH_SAXs_MOCO,29,
T2Map_TrueFISP_4CH_SAXs,29,
SAX_DE_TI_260_mBH_PSIR,29,
SAX_DE_TI_260_mBH_MAG,29,
PULMONARY_VEIN_FLOW_P,29,
PULMONARY_VEIN_FLOW,29,
CINE_realtime_LAX_3Ch,29,
BFFE_AX_1PH.,29,
AORTIC_ROOT_FLOW_P,29,
AORTIC_ROOT_FLOW,29,
5min_2dviab_TI245,29,
2CH_DHE_TI240,29,
2CH_DHE_TI195,29,
tfisp_cine_3_chamber_stack_(3_slices),28,3CH
psir_seg_3_CHAMBER_PSIR,28,
psir_seg_3_CHAMBER_MAG,28,
Inferior_stack_cine_trufi_retro,28,
DE_high-res_tfl20_psir_seg_PSIR,28,
CINE_Realtime_NonTrig_4CH,28,
2CH_DHE_ti215,28,
2CH_DHE_ti200,28,
2CH_DE_TI_260_BH_PSIR,28,
2CH_DE_TI_260_BH_MAG,28,
10_MIN_DE_High-Res_LAX_300_4Ch_2Ch_3Ch_PSIR,28,
10_MIN_DE_High-Res_LAX_300_4Ch_2Ch_3Ch_MAG,28,
tfisp_cine_RV_2_chamber_STACK,27,
SAX_10_MIN_DME_HIGH_RES_TI_280_mBH_PSIR,27,
SAX_10_MIN_DME_HIGH_RES_TI_280_mBH_MAG,27,
SAX_10_MIN_DME_HIGH_RES_TI_260_mBH_PSIR,27,
SAX_10_MIN_DME_HIGH_RES_TI_260_mBH_MAG,27,
SAX_10_MIN_DME_HIGH_RES_mBH_TI285_MAG,27,
REST_PERFUSION_MOCO,27,
MRA_3D_SAG_Venous_BH,27,
flow_venc-scout_100-190tp_bh@c_P,27,
first_pass_perf_mass_(2_views)_trufi_post,27,
DE_overview_LAX_250_2ChStack_4ChStack_3ChStack_PSIR,27,
DE_overview_LAX_250_2ChStack_4ChStack_3ChStack_MAG,27,
DE_high-res_tfl20_psir_seg_MAG,27,
4_CHAMBER_CINE_GRE,27,
3CH_DE_TI_260_BH_PSIR,27,
3CH_DE_TI_260_BH_MAG,27,
3_CHAMBER_CINE_GRE,27,
Trufi_Cine_SAX_RR,26,
tf2d_REAL_TIME_CINE_trig_T-PAT3+SA,26,
T2Map_TrueFISP_3sl,26,
t1map_short_t1_SAX__>_700_MS_MOCO,26,
t1map_short_t1_SAX__>_700_MS,26,
short_axis_stack_cine_trufi_retro_RPT,26,
SAX_10_MIN_DME_HIGH_RES_mBH_TI285_PSIR,26,
REST_PERFUSION_1ML_PER_SEC_(AERA_REF),26,
MYOCARDIAL_VELOCITIES_-_NO_BH_P,26,
MYOCARDIAL_VELOCITIES_-_NO_BH,26,
CareBolus,26,
AX_DARK_BLOOD_mBH,26,
4CH_DE_TI_260_BH_PSIR,26,
4CH_DE_TI_260_BH_MAG,26,
3D_BTFE_NAV,26,
10_MIN_DE_High-Res_340_SAX_PSIR,26,
10_MIN_DE_High-Res_340_SAX_MAG,26,
